0;0;0;0;x;x;
1;102;188;248;Gran;Canaria;x
2;54;202;212;XiaSha;x;
3;33;203;167;river_fuchunjiang;x;
4;82;97;62;river_fuchunjiang;x;
5;124;86;37;river_qiantangjiang;x;
6;205;183;3;river_qiantangjiang;x;
7;69;93;27;lake_qiandaohu;x;
8;252;72;135;river_changjiang;x;
9;73;238;125;river_changjiang;x;
10;184;192;77;river_changjiang;x;
11;14;205;139;river_changjiang;x;
12;208;75;112;river_changjiang;x;
13;186;237;152;river_changjiang;x;
14;172;232;219;river_changjiang;x;
15;33;214;72;river_changjiang;x;
16;229;105;191;river_changjiang;x;
17;218;106;84;river_changjiang;x;
18;98;32;103;river_changjiang;x;
19;7;174;18;river_changjiang;x;
20;30;12;103;river_changjiang;x;
21;250;134;69;river_changjiang;x;
22;26;114;235;river_changjiang;x;
23;2;35;89;river_changjiang;x;
24;163;176;146;river_changjiang;x;
25;135;34;75;river_changjiang;x;
26;68;172;170;river_changjiang;x;
27;67;198;23;river_changjiang;x;
28;190;23;35;river_changjiang;x;
29;93;213;247;river_changjiang;x;
30;162;125;131;river_changjiang;x;
31;204;37;226;river_changjiang;x;
32;97;102;43;river_changjiang;x;
33;20;79;176;river_changjiang;x;
34;148;255;117;river_changjiang;x;
35;178;100;246;river_changjiang;x;
36;176;219;162;river_changjiang;x;
37;210;197;243;river_changjiang;x;
38;244;43;114;river_changjiang;x;
39;5;85;151;river_changjiang;x;
40;185;163;13;river_changjiang;x;
41;41;69;243;river_changjiang;x;
42;244;113;223;river_changjiang;x;
43;176;18;249;river_changjiang;x;
44;73;200;207;river_changjiang;x;
45;127;119;34;river_changjiang;x;
46;55;113;249;river_changjiang;x;
47;98;115;35;river_changjiang;x;
48;77;166;10;river_changjiang;x;
49;62;39;218;river_changjiang;x;
50;247;238;55;river_changjiang;x;
51;239;195;255;river_changjiang;x;
52;141;147;218;river_changjiang;x;
53;194;9;152;river_changjiang;x;
54;206;193;67;river_changjiang;x;
55;121;63;70;river_changjiang;x;
56;248;215;125;river_changjiang;x;
57;180;160;179;river_changjiang;x;
58;190;219;111;river_changjiang;x;
59;84;138;75;river_changjiang;x;
60;54;160;177;river_changjiang;x;
61;1;189;106;PoYang Hu;x;
62;48;144;202;WangZhai;x;
63;106;129;64;WenChang;x;
64;64;254;31;FuWen;x;
65;63;152;69;LinQi;x;
66;193;205;138;YaoShan;x;
67;36;177;22;PingMen;x;
68;150;54;94;GuangChang;x;
69;163;229;50;YanJia;x;
70;177;98;224;WeiPing;x;
71;78;79;68;SongCun;x;
72;167;0;234;JinFeng;x;
73;250;141;252;JiuKeng;x;
74;57;244;221;ZiTong;x;
75;123;112;242;TongZiWu;x;
76;213;39;203;JiangJia;x;
77;205;56;148;LangChuan;x;
78;253;179;214;ZhongZhou;x;
79;244;117;211;BaiMuFan;x;
80;53;120;229;FengShuLing;x;
81;216;245;33;DaYe;x;
82;204;122;253;AnYang;x;
83;191;201;9;XuYuan;x;
84;112;206;130;ChaYuan;x;
85;191;121;200;ZheJiangJianDexinAnJiang;x;
86;32;170;21;ZheJiangJianDeYangXi;x;
87;172;68;100;ZheJiangJianDeLianHua;x;
88;23;159;167;ZheJiangJianDeXiaYa;x;
89;47;124;143;ZheJiangJianDeYangCunQiao;x;
90;196;65;56;ZheJiangJianDeYaoCun;x;
91;26;61;172;ZheJiangJianDeQinTang;x;
92;198;112;239;ZheJiangJianDeFengHuang;x;
93;180;170;211;ZheJiangJianDemeicheng;x;
94;0;45;236;ZheJiangJianDeSanHe;x;
95;54;8;87;ZheJiangJianDeDengJia;x;
96;68;111;187;ZheJiangJianDeTongJia;x;
97;156;159;56;ZheJiangJianDeDaCi;x;
98;33;65;70;ZheJiangJianDeShiPing;x;
99;30;245;17;ZheJiangJianDeDaTong;x;
100;89;161;212;ZheJiangJianDeLiJia;x;
101;188;190;198;ZheJiangTongLuTongJun;x;
102;32;187;29;ZheJiangTongLuFuChunJiang;x;
103;214;115;63;ZheJiangTongLuJiuXian;x;
104;221;192;172;ZheJiangTongLuEshan;x;
105;45;97;146;ZheJiangTongLuGeWu;x;
106;56;51;73;ZheJiangTongLuBiPu;x;
107;246;74;103;ZheJiangTongLuFangBu;x;
108;26;138;50;ZheJiangTongLuJiangNan;x;
109;149;122;66;ZheJiangTongLuXinHe;x;
110;112;229;6;ZheJiangTongLuFengChuan;x;
111;139;83;206;ZheJiangTongLuYinZhu;x;
112;81;160;35;ZheJiangTongLuBaiJiang;x;
113;194;120;115;ZheJiangTongLuLingYuan;x;
114;65;37;189;ZheJiangLinAnJinCheng;x;
115;190;254;40;ZheJiangLinAnShangGan;x;
116;181;11;211;ZheJiangLinAnSanKou;x;
117;83;59;248;ZheJiangLinAnLingLong;x;
118;78;130;170;ZheJiangLinAnHengFan;x;
119;238;209;250;ZheJiangLinAnShiMen;x;
120;107;14;40;ZheJiangLinAnTaiHuYuan;x;
121;47;133;54;ZheJiangLinAnZhaoXi;x;
122;117;31;64;ZheJiangLinAnShaoLu;x;
123;95;127;150;ZheJiangLinAnHengLu;x;
124;18;177;93;ZheJiangLinAnMaShan;x;
125;76;229;209;ZheJiangLinAnHongLing;x;
126;10;67;127;ZheJiangLinAnHeQiao;x;
127;94;87;171;ZheJiangLinAnChangHua;x;
128;160;178;71;ZheJiangLinAnLongJing;x;
129;64;189;127;ZheJiangLinAnXinQiao;x;
130;162;3;149;ZheJiangLinAnMaXiao;x;
131;230;159;68;FuYang fu chun ;x;
132;65;220;78;FuYang  xin yi ;x;
133;235;195;7;FuYang  chun jian ;x;
134;110;23;222;FuYang  yong chang ;x;
135;127;116;4;FuYang  xin deng ;x;
136;14;10;63;FuYang  xu kou ;x;
137;30;0;98;FuYang  qiao dong ;x;
138;198;179;19;FuYang  wan shi ;x;
139;224;135;170;FuYang  san shan ;x;
140;130;179;170;FuYang  xin tong ;x;
141;190;41;250;FuYang  lu zhu;x;
142;44;62;216;FuYang  shou jiang ;x;
143;140;97;1;FuYang  chun jiang ;x;
144;196;48;200;FuYang  huan shan ;x;
145;241;111;147;FuYang  dong tu ;x;
146;169;14;70;FuYang  chang an ;x;
147;161;178;5;FuYang  long men ;x;
148;166;88;16;FuYang  shang gong ;x;
149;226;160;40;FuYang  chang lv ;x;
150;182;63;4;FuYang  tai yuan ;x;
151;197;122;35;FuYang  ling qiao ;x;
152;129;125;142;FuYang  li shan ;x;
153;133;156;164;FuYang  yu shan ;x;
154;69;52;101;FuYang  dong zhou ;x;
155;97;100;64;XiaoShanBeiGan;x;
156;216;34;242;XiaoShanHeZhuang;x;
157;197;242;173;XiaoShanXinWan;x;
158;217;129;42;XiaoShanWenYan;x;
159;51;227;36;XiaoShanFuPu;x;
160;142;10;32;XiaoShanChangHe;x;
161;246;41;208;XiaoShanYiQiao;x;
162;214;66;130;XiaoShanDaiCun;x;
163;16;146;129;XiaoShanHeShang;x;
164;73;37;103;XiaoShanLouTa;x;
165;98;101;215;XiaoShanLinPu;x;
166;239;104;129;XiaoShanPuYang;x;
167;125;171;85;XiaoShanSuoQian;x;
168;97;3;15;XiaoShanNingWei;x;
169;243;177;56;XiaoShanYaQian;x;
170;252;68;201;XiaoShanKanShan;x;
171;253;196;45;XiaoShanXinJie;x;
172;81;94;117;XiaoShanNanYang;x;
173;32;205;245;XiaoShanGuaLi;x;
174;208;98;8;XiaoShanDangShan;x;
175;57;15;33;XiaoShanDangWan;x;
176;140;33;18;XiaoShanYiNong;x;
177;105;233;179;XiaoShanLinJiang;x;
178;1;235;105;XiaoShanQianJin;x;
179;51;167;122;HangZhouShuangPu;x;
180;16;29;193;HangZhouLiuXia;x;
181;95;240;145;HangZhouSanDun;x;
182;197;179;191;HangZhouXiHu;x;
183;53;117;155;HangZhouGongYe;x;
184;244;212;147;HangZhouKangQiao;x;
185;218;65;215;YuHangLinPing;x;
186;55;109;233;YuHangNanYuan;x;
187;109;31;105;YuHangQiaoSi;x;
188;92;114;127;YuHangXingQiao;x;
189;59;134;89;YuHangYunHe;x;
190;2;183;153;YuHangTangQi;x;
191;240;87;130;YuHangZhangShan;x;
192;102;99;183;YuHangPengGong;x;
193;34;154;35;YuHangHuangHu;x;
194;206;157;52;YuHangBaiZhang;x;
195;177;35;5;YuHangLuNiao;x;
196;101;132;174;YuHangShuangXi;x;
197;181;238;96;YuHangYuHang;x;
198;147;203;106;YuHangZhongTai;x;
199;235;70;96;YuHangXianLin;x;
200;142;174;121;YuHangWuChang;x;
201;174;240;37;YuHangCangQian;x;
202;172;241;135;ShaoXingShaoXing;x;
203;44;6;223;ShaoXingLingZhi;x;
204;186;174;62;ShaoXingDongPu;x;
205;21;70;136;ShaoXingDouMen;x;
206;102;81;137;ShaoXingMaShan;x;
207;244;135;41;ShaoXingDongHu;x;
208;120;9;175;ShaoXingTaoYan;x;
209;82;200;8;ShaoXingLiHai;x;
210;9;205;66;ShaoXingDaoXu;x;
211;242;88;23;ShaoXingDongGuan;x;
212;173;62;247;ShaoXingChangTang;x;
213;194;45;14;ShaoXingFuSheng;x;
214;235;79;226;ShaoXingJianHu;x;
215;131;107;75;KeQiaoKeQiao;x;
216;228;145;185;KeQiaoAnChang;x;
217;230;101;86;KeQiaoQiXian;x;
218;166;61;21;KeQiaoMaAn;x;
219;95;141;178;KeQiaoQianQing;x;
220;149;31;159;KeQiaoYangXunQiao;x;
221;9;10;67;KeQiaoXiaLv;x;
222;249;190;81;KeQiaoHuTang;x;
223;168;214;213;KeQiaoFuQuan;x;
224;49;221;121;KeQiaoLiZhu;x;
225;90;26;1;KeQiaoLanTing;x;
226;217;23;180;KeQiaoPingShui;x;
227;161;145;97;KeQiaoWangTan;x;
228;106;69;14;KeQiaoJiDong;x;
229;112;247;218;ShangYuBaiGuan;x;
230;247;70;193;ShangYuHaoBa;x;
231;165;16;127;ShangYuSongSha;x;
232;181;204;120;ShangYuGaiBei;x;
233;176;11;254;ShangYuXieTang;x;
234;111;195;104;ShangYuXiaoYue;x;
235;239;68;23;ShangYuLiangHu;x;
236;162;3;147;ShangYuYiTing;x;
237;31;193;170;ShangYuFengHui;x;
238;151;99;224;ShangYuYongHe;x;
239;73;42;213;ShangYuDingZhai;x;
240;214;148;84;ShangYuXiaGuan;x;
241;40;68;90;ShangYuChenXi;x;
242;92;52;198;ShangYuLingNan;x;
243;143;166;212;ShangYuDaQin;x;
244;121;144;22;ShangYuShangPu;x;
245;36;228;119;ShangYuTangPu;x;
246;90;173;8;ShangYuBinHai;x;
247;168;161;105;ShangYuZhuJi;x;
248;231;41;31;ShangYuSanDou;x;
249;210;227;157;ShangYuYingDian;x;
250;86;48;203;ShangYuMaJian;x;
251;152;73;71;ShangYuWuXie;x;
252;209;32;191;ShangYuDaTang;x;
253;13;49;69;ShangYuCaoTa;x;
254;16;32;20;ShangYuTongShan;x;
255;35;232;112;ShangYuPaiTou;x;
256;250;51;153;ShangYuAnHua;x;
257;50;226;193;ShangYuWangJiaJing;x;
258;196;163;44;ShangYuJieTing;x;
259;223;184;176;ShangYuLiPu;x;
260;166;111;20;ShangYuHuaQuan;x;
261;108;152;84;ShangYuSiZhai;x;
262;72;251;206;ShangYuChenZhai;x;
263;3;95;50;ShangYuDongHe;x;
264;138;253;134;ShangYuZhaoJia;x;
265;155;204;138;ShangYuFengQiao;x;
266;121;79;31;ShangYuWuYi;x;
267;172;96;171;ShangYuShanXia;x;
268;174;171;128;ShangYuJiangZao;x;
269;140;15;27;ShangYuZhiBu;x;
270;74;61;177;ShangYuDianKou;x;
271;111;193;166;ShengZhouYanHu;x;
272;146;161;243;ShengZhouLuShan;x;
273;165;1;15;ShengZhouSanTang;x;
274;122;28;156;ShengZhouHuangZe;x;
275;222;207;33;ShengZhouJinTing;x;
276;214;123;204;ShengZhouBeiZhang;x;
277;20;233;90;ShengZhouPuKou;x;
278;96;244;145;ShengZhouXianYan;x;
279;39;63;184;ShengZhouSanJie;x;
280;208;132;13;ShengZhouChongRen;x;
281;216;172;14;ShengZhouGuLai;x;
282;195;140;250;ShengZhouZhuXi;x;
283;75;60;173;ShengZhouYaHuang;x;
284;67;102;158;ShengZhouShiHuang;x;
285;203;93;253;ShengZhouWangYuan;x;
286;187;147;211;ShengZhouTongYuan;x;
287;231;68;39;ShengZhouKaiYuan;x;
288;125;15;10;ShengZhouGuiMen;x;
289;169;120;174;ShengZhouLiNan;x;
290;79;94;255;ShengZhouGanLin;x;
291;53;222;246;XingChangNanMing;x;
292;62;181;102;XingChangQiXing;x;
293;229;11;197;XingChangBaMao;x;
294;217;205;79;XingChangDaShiJu;x;
295;169;98;232;XingChangXinLin;x;
296;232;71;182;XingChangShaXi;x;
297;83;135;146;XingChangQiaoYing;x;
298;75;204;153;XingChangXiaoJiang;x;
299;52;165;79;XingChangRuAo;x;
300;138;234;74;XingChangJingPing;x;
301;80;235;55;XingChangShuangCai;x;
302;4;178;184;XingChangChengNan;x;
303;129;251;182;XingChangDongMing;x;
304;137;78;201;XingChangMeiZhu;x;
305;8;38;86;XingChangChengTan;x;
306;194;72;11;river_caoejiang;x;
307;145;191;27;river_caoejiang;x;
308;120;157;137;river_caoejiang;x;
309;239;52;96;river_caoejiang;x;
310;198;168;60;river_caoejiang;x;
311;200;180;25;river_caoejiang;x;
312;76;123;41;YuYaoXiaoDong;x;
313;0;74;164;YuYaoLiangNong;x;
314;119;39;117;YuYaoLuTing;x;
315;84;160;241;YuYaoDaLan;x;
316;206;91;38;YuYaoSiMingShan;x;
317;150;214;179;YuYaoHongShan;x;
318;201;71;108;YuYaoLiZhou;x;
319;61;152;74;YuYaoHeMuDu;x;
320;104;69;92;YuYaoDaYin;x;
321;162;53;147;YuYaoSanQiShi;x;
322;160;124;141;YuYaoZhangTing;x;
323;222;251;254;YuYaoFengShan;x;
324;231;129;29;YuYaoYangMing;x;
325;176;34;231;YuYaoLangXia;x;
326;134;87;201;YuYaoDiTang;x;
327;255;79;120;YuYaoXiaoCaoe;x;
328;240;203;238;YuYaoSiMen;x;
329;23;193;55;YuYaoLinShan;x;
330;245;203;135;YuYaoHuangJiaBu;x;
331;30;213;18;YuYaoMouShan;x;
332;168;231;93;YuYaoMaZhu;x;
333;242;27;102;CiXiHuShan;x;
334;211;231;176;CiXiZongHan;x;
335;200;124;217;CiXiCiXi_ChangHe;x;
336;44;83;143;CiXiZhouXiang;x;
337;57;45;125;CiXiAnDong;x;
338;172;176;115;CiXiXinPu;x;
339;39;72;32;CiXiKanDun;x;
340;52;169;81;CiXiShengShan;x;
341;106;16;83;CiXiXiaoLin;x;
342;67;203;251;CiXiKuangYan;x;
343;123;223;233;CiXiHengHe;x;
344;8;94;132;CiXiQiaoTou;x;
345;233;172;118;CiXiFuHai;x;
346;37;172;160;CiXiGuanHaiWei;x;
347;194;37;8;CiXiZhangQi;x;
348;198;139;208;CiXiSanBei;x;
349;10;68;223;ZhenHaiLuoTuo;x;
350;228;95;8;ZhenHaiZhuangShi;x;
351;182;82;180;ZhenHaiZhaoBaoShan;x;
352;148;79;148;ZhenHaiXiePu;x;
353;76;192;73;JiangBeiYongJiang;x;
354;38;225;175;JiangBeiZhuangQiao;x;
355;24;131;34;JiangBeiHongQiao;x;
356;64;18;190;HaiShuYueHu;x;
357;223;176;131;HaiShuGaoQiao;x;
358;236;56;205;HaiShuJiTuGang;x;
359;161;112;114;HaiShuHengJie;x;
360;58;233;156;HaiShuZhangShui;x;
361;116;112;148;HaiShuLongGuan;x;
362;148;80;177;HaiShuYinJiang;x;
363;179;152;29;HaiShuGuLin;x;
364;118;215;81;HaiShuHaiShu_QiaoDong;x;
365;252;45;47;HaiShuShiQi;x;
366;96;24;70;FengHuaJinPing;x;
367;61;221;49;FengHuaXiaoWangMiao;x;
368;235;216;194;FengHuaBanZhuXiang;x;
369;225;114;60;FengHuaDaYan;x;
370;124;161;188;FengHuaShangTian;x;
371;223;119;190;FengHuaJieQi;x;
372;17;169;82;FengHuaXiWu;x;
373;141;137;191;FengHuaJiangKou;x;
374;121;141;11;FengHuaQiuCun;x;
375;185;134;107;FengHuaSongAo;x;
376;193;46;96;YinZhouFuMing;x;
377;196;204;227;YinZhouXiaYing;x;
378;9;208;73;YinZhouZhongHe;x;
379;144;120;244;YinZhouShouNan;x;
380;92;122;154;YinZhouMaoShan;x;
381;185;145;166;YinZhouYunLong;x;
382;176;238;20;YinZhouDongQianHu;x;
383;255;20;87;YinZhouHengXi;x;
384;119;209;121;YinZhouTangXi;x;
385;152;3;197;YinZhouXianXiang;x;
386;69;87;189;YinZhouZhanQi;x;
387;123;33;247;YinZhouWuXiang;x;
388;42;191;255;YinZhouQiuAi;x;
389;53;58;184;BeiCangXinQi;x;
390;158;1;193;BeiCangQiJiaShan;x;
391;9;38;208;BeiCangXiaoGang;x;
392;169;238;239;BeiCangDaQi;x;
393;157;162;15;BeiCangNeiCang_SanShan;x;
394;3;98;25;BeiCangMeiShan;x;
395;65;112;99;BeiCangBaiFeng;x;
396;44;244;243;BeiCangChaiQiao;x;
397;247;250;47;BeiCangXiaPu;x;
398;150;36;159;BeiCangDaXie;x;
399;39;83;120;NingHaiYueLong;x;
400;79;199;43;NingHaiTaoYuan;x;
401;48;147;131;NingHaiMeiLin;x;
402;40;67;200;NingHaiQiangJiao;x;
403;197;41;25;NingHaiNingHai_QiaoTou;x;
404;37;247;150;NingHaiXiDian;x;
405;255;84;124;NingHaiShenZhen;x;
406;51;91;160;NingHaiHuangTan;x;
407;12;113;109;NingHaiChaLu;x;
408;31;60;4;NingHaiSangZhou;x;
409;83;60;244;NingHaiQianTong;x;
410;103;17;83;NingHaiYiShi;x;
411;23;151;37;NingHaiYueXi;x;
412;170;63;96;NingHaiChaYuan;x;
413;226;111;230;NingHaiLiYang;x;
414;246;169;61;NingHaiChangJie;x;
415;223;68;75;NingHaiHuChen;x;
416;190;13;55;NingHaiDaJia;x;
417;105;218;53;lakes_dongqianhu;x;
418;75;52;10;XiangShanDanDong;x;
419;170;178;84;XiangShanDanXi;x;
420;109;103;116;XiangShanDongChen;x;
421;10;42;21;XiangShanJueXi;x;
422;208;107;49;XiangShanDaXu;x;
423;71;240;103;XiangShanXiangShan_XianXiang;x;
424;54;20;37;XiangShanHuangBiAo;x;
425;36;144;135;XiangShanQiangTou;x;
426;158;174;183;XiangShanXiZhou;x;
427;165;174;170;XiangShanSiZhouTou;x;
428;58;6;149;XiangShanMaoYang;x;
429;97;81;5;XiangShanXiangShan_XinQiao;x;
430;136;178;101;XiangShanDingTang;x;
431;67;25;72;XiangShanXiaoTang;x;
432;68;7;153;XiangShanXiangShan_DaTang;x;
433;4;113;12;XiangShanShiPu;x;
434;250;149;181;XiangShanGaoTangDao;x;
435;128;15;144;XiangShanHePu;x;
436;232;27;58;XiangShanTanTouShan;x;
437;141;156;229;PuJiangXianHua;x;
438;218;199;12;PuJiangWuQian;x;
439;89;170;145;PuJiangPuNan;x;
440;181;220;66;PuJiangHuangZhai;x;
441;196;169;50;PuJiangZhengJiaWu;x;
442;139;41;73;PuJiangBaiMa;x;
443;233;119;216;PuJiangZhengZhai;x;
444;166;29;126;PuJiangYanTou;x;
445;237;112;85;PuJiangQiLi;x;
446;237;253;179;PuJiangHuaQiao;x;
447;86;54;163;PuJiangHangPing;x;
448;86;11;49;PuJiangYuZhai;x;
449;245;225;111;PuJiangDaFan;x;
450;10;88;156;PuJiangTanXi;x;
451;89;187;127;PuJiangZhongYu;x;
452;17;198;197;YiWuChouJiang;x;
453;95;233;250;YiWuPingChou;x;
454;251;105;62;YiWuXiaLuoZhai;x;
455;54;229;131;YiWuSuXi;x;
456;66;62;79;YiWuDongTang;x;
457;117;60;46;YiWuHouZhai;x;
458;174;216;101;YiWuBeiYuan;x;
459;132;10;165;YiWuYiWu_DongHe;x;
460;162;54;224;YiWuYiWu_YiTing;x;
461;168;128;117;YiWuBeiLei;x;
462;143;30;46;YiWuMaoDian;x;
463;37;21;235;YiWuNianSanLi;x;
464;225;209;186;DongYangJiangBei;x;
465;72;144;107;DongYangLiuShi;x;
466;235;16;105;DongYangWeiShan;x;
467;71;202;45;DongYangHuLu;x;
468;79;69;50;DongYangShangCun;x;
469;41;124;169;DongYangSanDan;x;
470;59;39;159;DongYangDongYang;x;
471;220;6;170;DongYangGuoZhai;x;
472;212;219;227;DongYangGeShan;x;
473;97;94;214;DongYangMaZhai;x;
474;166;167;249;DongYangQianXiang;x;
475;107;119;122;DongYangFangJun;x;
476;167;125;226;DongYangHengDian;x;
477;226;54;140;DongYangNanMa;x;
478;156;248;115;DongYangHuaXi;x;
479;246;211;232;DongYangLiZhai;x;
480;143;154;173;DongYangChengDong;x;
481;47;40;0;DongYangBaiYun;x;
482;193;246;85;PanAnMoLin;x;
483;183;199;156;PanAnShenZe;x;
484;172;102;156;PanAnXinWo;x;
485;254;173;85;PanAnLengShui;x;
486;238;180;201;PanAnRenChuan;x;
487;203;192;81;PanAnShuangFeng;x;
488;244;181;194;PanAnPanFeng;x;
489;106;12;227;PanAnDaPan;x;
490;79;209;135;PanAnWeiXin;x;
491;89;112;164;PanAnGaoEr;x;
492;223;227;225;PanAnFangQian;x;
493;40;120;166;PanAnShangHu;x;
494;188;104;206;PanAnYaoChuan;x;
495;140;220;161;PanAnPanAn_ShuangXi;x;
496;196;45;74;PanAnJiuHe;x;
497;131;5;2;PanAnPanAn_YuShan;x;
498;245;90;180;PanAnJianShan;x;
499;213;143;140;PanAnHuZhai;x;
500;230;136;193;PanAnWanCang;x;
501;1;70;248;YongKangChangCheng;x;
502;102;34;15;YongKangYongXiang;x;
503;244;143;76;YongKangQianCang;x;
504;26;116;152;YongKangShiZhu;x;
505;174;42;56;YongKangZhouShan;x;
506;149;205;153;YongKangFangYan;x;
507;135;22;93;YongKangBaiYan;x;
508;191;157;126;YongKangQiaoXia;x;
509;87;197;202;YongKangHuKu;x;
510;197;42;242;YongKangZhiYing;x;
511;247;86;168;YongKangQingXi;x;
512;106;241;189;YongKangZhongShan;x;
513;13;51;230;YongKangBaZiQiang;x;
514;97;60;226;YongKangHuaJie;x;
515;96;20;111;WuYiShuXi;x;
516;201;7;175;WuYiQuanXi;x;
517;20;3;88;WuYiTongQin;x;
518;151;124;5;WuYiJiaoDao;x;
519;97;157;108;WuYiLvTan;x;
520;21;27;77;WuYiTaoXiTan;x;
521;245;240;254;WuYiBaiMu;x;
522;141;130;141;WuYiWangZhai;x;
523;161;170;207;WuYiDaTian;x;
524;151;17;137;WuYiYuYuan;x;
525;136;116;177;WuYiTaoXi;x;
526;127;247;17;WuYiTanHong;x;
527;6;203;92;WuYiYunHua;x;
528;116;35;61;WuYiLiuCheng;x;
529;164;199;91;WuYiXiLian;x;
530;210;155;93;WuYiSanGang;x;
531;164;244;4;WuYiDaXiKou;x;
532;252;159;253;WuYiXinZhai;x;
533;19;71;31;JinDongDuoHu;x;
534;251;31;191;JinDongChiSong;x;
535;4;16;153;JinDongCaoZhai;x;
536;84;68;61;JinDongYuanDong;x;
537;158;197;48;JinDongFuCun;x;
538;48;98;246;JinDongXiaoShun;x;
539;230;68;95;JinDongTangYa;x;
540;115;141;31;JinDongJinDong_LiPu;x;
541;126;127;229;JinDongLingXia;x;
542;121;240;41;JinDongJiangDong;x;
543;98;49;213;WuChengQiuBin;x;
544;178;44;198;WuChengWuCheng_TongYuan;x;
545;246;229;30;WuChengZhuMa;x;
546;31;237;225;WuChengQianXi;x;
547;198;40;252;WuChengBaiLongQiao;x;
548;235;98;219;WuChengJiangTang;x;
549;79;155;139;WuChengLuoBu;x;
550;141;208;48;WuChengYangBu;x;
551;115;65;37;WuChengWuCheng_TangXi;x;
552;136;101;213;WuChengShenFan;x;
553;152;212;129;WuChengLingShang;x;
554;218;169;58;WuChengTaShi;x;
555;117;30;123;WuChengShaFan;x;
556;145;183;77;WuChengLangYa;x;
557;155;41;236;WuChengChangShan;x;
558;105;10;63;WuChengAnDi;x;
559;13;37;227;WuChengYaFan;x;
560;173;105;226;WuChengSuMeng;x;
561;8;200;16;WuChengRuoYang;x;
562;79;64;147;YunXiYunShang;x;
563;113;80;84;YunXiGuanTang;x;
564;246;242;38;YunXiYunXi_MaJian;x;
565;87;90;146;YunXiXiaChen;x;
566;136;237;82;YunXiBaiSha;x;
567;248;121;16;YunXiYunXi_HengXi;x;
568;18;150;165;YunXiLingDong;x;
569;227;53;81;YunXiShangHua;x;
570;40;191;193;YunXiLanJiang;x;
571;82;124;31;YunXiNvBu;x;
572;108;165;161;YunXiHuangDian;x;
573;126;213;204;YunXiYunXi_YongChang;x;
574;118;217;69;YunXiZhuGe;x;
575;255;243;38;YunXiYongTing;x;
576;190;39;226;YunXiYouBu;x;
577;250;109;80;YunXiChiXi;x;
578;55;129;127;HaiNingHaiZhou;x;
579;85;122;142;HaiNingXieQiao;x;
580;77;21;180;HaiNingGuoDian;x;
581;152;97;0;HaiNingZhouWangMiao;x;
582;77;205;30;HaiNingShenTu;x;
583;122;156;115;HaiNingHuangWan;x;
584;206;40;149;HaiNingYuanHua;x;
585;208;104;227;HaiNingMaQiao;x;
586;227;84;115;HaiNingDingQiao;x;
587;62;197;77;HaiNingXinCang;x;
588;73;75;89;HaiYanWuYuan;x;
589;178;213;214;HaiYanHaiTang;x;
590;205;186;75;HaiYanYuanTong;x;
591;230;189;251;HaiYanShenDang;x;
592;185;229;250;HaiYanBaiBu;x;
593;40;43;53;HaiYanYuCheng;x;
594;197;57;59;HaiYanShiQuan;x;
595;10;17;58;HaiYanTaiShan;x;
596;190;46;154;HaiYanGanPu;x;
597;174;14;10;PingHuDangHu;x;
598;235;67;82;PingHuCaoQiao;x;
599;179;148;120;PingHuZhongDai;x;
600;134;92;238;PingHuZhaPu;x;
601;101;82;70;PingHuLinDai;x;
602;112;166;112;PingHuQuanTang;x;
603;150;34;81;PingHuPingHu_XinCang;x;
604;145;92;41;PingHuGuangChen;x;
605;42;2;12;NanHuNanHu;x;
606;122;58;102;NanHuJieFang;x;
607;95;6;3;NanHuNanHu_QiXing;x;
608;144;55;179;NanHuDaQiao;x;
609;55;136;119;NanHuXinFeng;x;
610;207;188;169;NanHuNanHu_FengQiao;x;
611;25;111;137;NanHuYuXin;x;
612;234;87;16;XiuZhouDongZha;x;
613;225;153;37;XiuZhouXinXing;x;
614;198;84;14;XiuZhouJiaBei;x;
615;248;244;248;XiuZhouTangHui;x;
616;110;106;90;XiuZhouYouCheGang;x;
617;188;214;86;XiuZhouNanHui;x;
618;81;138;106;XiuZhouWangJiangJing;x;
619;172;141;23;XiuZhouLuoDong;x;
620;218;19;144;XiuZhouXinTeng;x;
621;221;69;15;XiuZhouGaoZhao;x;
622;248;98;107;XiuZhouHongHe;x;
623;112;169;40;XiuZhouJianShe;x;
624;40;24;138;XiuZhouWangDian;x;
625;45;103;176;TongXiangWuTong;x;
626;107;71;174;TongXiangPuYuan;x;
627;121;105;205;TongXiangXinSheng;x;
628;37;99;222;TongXiangLongXiang;x;
629;232;8;165;TongXiangMinHe;x;
630;144;127;101;TongXiangTongXiang_ShiMen;x;
631;8;239;112;TongXiangHeShan;x;
632;131;8;151;TongXiangZhouQuan;x;
633;223;51;66;TongXiangDaMa;x;
634;171;117;221;TongXiangZhiCun;x;
635;76;49;55;TongXiangNanRi;x;
636;2;223;179;TongXiangTuDian;x;
637;213;110;241;TongXiangLingAn;x;
638;87;16;23;TongXiangWuZhen;x;
639;37;240;120;JiaShanWeiTang;x;
640;52;118;83;JiaShanDaYun;x;
641;153;42;219;JiaShanHuiMin;x;
642;4;247;2;JiaShanYaoZhuang;x;
643;203;41;126;JiaShanXiTang;x;
644;202;96;170;JiaShanTianYi;x;
645;35;147;178;JiaShanGanYao;x;
646;78;197;153;JiaShanTaoZhuang;x;
647;16;165;190;QuZhouLongZhou;x;
648;241;22;233;QuZhouDongHua;x;
649;29;97;117;QuZhouHuZhen;x;
650;177;124;238;QuZhouLanTang;x;
651;222;94;195;QuZhouHengShan;x;
652;119;211;104;QuZhouShiFo;x;
653;235;154;79;QuZhouZeSui;x;
654;240;97;27;QuZhouXiaoNanHai;x;
655;187;82;16;QuZhouZhanJia;x;
656;82;85;252;QuZhouXiKou;x;
657;199;36;55;QuZhouMiaoXia;x;
658;123;188;78;QuZhouMuChen;x;
659;97;11;226;QuZhouDaJie;x;
660;18;227;41;QuZhouLuoJia;x;
661;141;67;203;QuZhouSheYang;x;
662;247;31;85;QuJiangZhangTan;x;
663;76;78;34;QuJiangXiaChuan;x;
664;243;101;235;QuJiangShangFang;x;
665;165;254;90;QuJiangHuiPing;x;
666;235;213;247;QuJiangTaiZhen;x;
667;120;111;115;QuJiangShuangQiao;x;
668;101;89;96;QuJiangZhouJia;x;
669;160;200;73;QuJiangMiaoQian;x;
670;130;201;212;QuJiangQuanWang;x;
671;128;62;49;QuJiangDaZhou;x;
672;65;156;40;QuJiangNianLi;x;
673;237;169;37;QuJiangKengKou;x;
674;37;113;79;QuJiangHouXi;x;
675;178;138;243;QuJiangHuNan;x;
676;166;14;138;QuJiangJuCun;x;
677;221;191;234;QuJiangYangKou;x;
678;184;109;202;QuJiangQuJiang_LianHua;x;
679;43;45;144;QuJiangGaoJia;x;
680;63;114;206;QuJiangQuJiang_HengLu;x;
681;64;177;30;KeChengXinAn;x;
682;207;77;150;KeChengWanTian;x;
683;102;20;35;KeChengJiuHua;x;
684;40;237;43;KeChengKeCheng_QiLi;x;
685;27;240;2;KeChengShiLiang;x;
686;166;190;160;KeChengGouXi;x;
687;90;45;72;KeChengHangBu;x;
688;4;253;191;KeChengHuaYe;x;
689;181;14;18;KeChengHuangJia;x;
690;4;137;46;KeChengHuaYuan;x;
691;72;198;251;KeChengShiShi;x;
692;73;161;23;ChangShanTianMa;x;
693;248;0;225;ChangShanGeDi;x;
694;59;2;52;ChangShanZhaoXian;x;
695;115;132;162;ChangShanJinYuan;x;
696;209;190;117;ChangShanFuRong;x;
697;73;198;67;ChangShanXinChang;x;
698;1;203;49;ChangShanSongFan;x;
699;219;186;184;ChangShanHuiBu;x;
700;57;125;209;ChangShanHeJia;x;
701;132;145;57;ChangShanLongRao;x;
702;165;85;18;ChangShanTongGong;x;
703;172;89;86;ChangShanDaQiaoTou;x;
704;218;0;71;ChangShanFangCun;x;
705;213;73;157;ChangShanBaiShi;x;
706;69;15;108;ChangShanErDouQiao;x;
707;6;25;133;KaiHuaAoTan;x;
708;245;108;35;KaiHuaHuaBu;x;
709;234;17;129;KaiHuaFengJia;x;
710;9;76;180;KaiHuaKaiHua_LinShan;x;
711;88;106;86;KaiHuaHuangGu;x;
712;167;11;58;KaiHuaJinCun;x;
713;235;90;194;KaiHuaCunTou;x;
714;25;20;26;KaiHuaTangWu;x;
715;230;38;189;KaiHuaXiaShan;x;
716;19;201;236;KaiHuaQiXi;x;
717;78;168;195;KaiHuaHeTian;x;
718;233;51;213;KaiHuaZhongCun;x;
719;212;119;225;KaiHuaChangHong;x;
720;64;159;33;KaiHuaSuZhuang;x;
721;150;225;2;KaiHuaZhangWan;x;
722;117;4;140;KaiHuaXingKou;x;
723;209;254;136;KaiHuaTongCun;x;
724;222;193;196;KaiHuaYangLin;x;
725;56;23;136;KaiHuaQingYang;x;
726;27;201;73;KaiHuaChangPu;x;
727;139;103;40;KaiHuaFangLin;x;
728;134;238;232;KaiHuaMaJin;x;
729;104;22;227;KaiHuaYinKeng;x;
730;130;101;156;YuShanYuShan_HuShan;x;
731;113;26;26;YuShanShuangTa;x;
732;245;252;119;YuShanShangYu;x;
733;98;155;247;YuShanSiDou;x;
734;207;37;30;YuShanDaChen;x;
735;200;115;242;YuShanTanShi;x;
736;66;142;210;YuShanYuShan_DaQiao;x;
737;14;201;169;YuShanHeCun;x;
738;169;249;2;YuShanXinTangBian;x;
739;46;180;175;YuShanYuTou;x;
740;77;145;216;YuShanMaoBan;x;
741;168;98;51;YuShanJiangLang;x;
742;61;210;80;YuShanXiaKou;x;
743;151;81;232;YuShanBaoAn;x;
744;208;19;63;YuShanNianBaDou;x;
745;25;196;76;YuShanShuangXiKou;x;
746;145;5;60;YuShanZhangCun;x;
747;24;75;225;YuShanChangTai;x;
748;229;67;37;YuShanTangYuan;x;
749;93;130;119;YuShanQingHu;x;
750;93;247;68;YuShanPoYao;x;
751;238;50;197;LianDuWanXiang;x;
752;24;209;156;LianDuLianDu_BaiYun;x;
753;40;146;151;LianDuXianDu;x;
754;114;214;135;LianDuYaXi;x;
755;200;254;191;LianDuJuXi;x;
756;38;216;4;LianDuLaoZhu;x;
757;37;75;22;LianDuLiXin;x;
758;243;0;42;LianDuGaoXi;x;
759;179;244;137;LianDuBiHu;x;
760;140;50;84;LianDuDaGang;x;
761;193;215;249;LianDuLianCheng;x;
762;99;236;154;LianDuShuiGe;x;
763;35;165;241;LianDuFuLing;x;
764;253;248;101;LianDuZiJin;x;
765;184;226;159;LianDuYanNiao;x;
766;7;129;230;LianDuShuangHuang;x;
767;205;101;229;LianDuYanQuan;x;
768;112;72;216;QingTianHeCheng;x;
769;11;102;68;QingTianZhouXi;x;
770;59;63;38;QingTianGuiShi;x;
771;229;86;3;QingTianYangKeng;x;
772;145;217;222;QingTianWanDong;x;
773;144;160;18;QingTianGaoHu;x;
774;134;129;200;QingTianJiZhai;x;
775;202;108;1;QingTianXiQiao;x;
776;232;102;219;QingTianLaKou;x;
777;235;189;148;QingTianZhenBu;x;
778;128;235;111;QingTianQingTian_ZhangCun;x;
779;230;247;44;QingTianZhenWang;x;
780;5;70;147;QingTianBeiShan;x;
781;132;222;169;QingTianJuPu;x;
782;215;20;17;QingTianRenGong;x;
783;253;57;121;QingTianChuanLiao;x;
784;248;77;174;QingTianShuangYang;x;
785;89;125;209;QingTianLingGen;x;
786;231;83;203;QingTianRenFang;x;
787;102;142;221;QingTianTangYang;x;
788;44;170;151;QingTianDanKou;x;
789;116;9;247;QingTianHaiKou;x;
790;40;4;3;QingTianDaLu;x;
791;147;48;167;QingTianWanBu;x;
792;90;94;243;JinYunWuYun;x;
793;240;59;207;JinYunXinBi;x;
794;168;18;59;JinYunJinYun_QiLi;x;
795;212;41;115;JinYunXinJian;x;
796;10;15;214;JinYunXinChuan;x;
797;128;25;126;JinYunDongFang;x;
798;65;215;179;JinYunQianLu;x;
799;144;26;50;JinYunSanXi;x;
800;244;253;196;JinYunJinYun_ShuangXiKou;x;
801;91;0;73;JinYunRongJiang;x;
802;209;240;178;JinYunShuHong;x;
803;150;112;140;JinYunDongDu;x;
804;49;202;105;JinYunHuYuan;x;
805;138;171;61;JinYunFangXi;x;
806;55;183;25;JinYunShiJian;x;
807;61;243;239;JinYunNanXi;x;
808;91;34;253;JinYunJinYun_TaiYuan;x;
809;79;146;219;JinYunJinYun_HuZhen;x;
810;216;8;24;JinYunBaiZhu;x;
811;243;214;170;JinYunHaoCang;x;
812;13;177;191;SonYangXiPing;x;
813;30;30;251;SonYangSonYang_SanDou;x;
814;91;232;224;SonYangSonYang_SiDou;x;
815;238;162;94;SonYangXiangXi;x;
816;93;221;221;SonYangYuXi;x;
817;41;194;61;SonYangWangSong;x;
818;132;213;146;SonYangGuShi;x;
819;225;170;190;SonYangChiShou;x;
820;190;104;109;SonYangSonYang_XinXing;x;
821;237;17;41;SonYangXieCun;x;
822;137;245;45;SonYangWangYan;x;
823;133;218;188;SonYangXinChu;x;
824;114;148;89;SonYangZhangXi;x;
825;59;150;200;SonYangZhaiTan;x;
826;240;156;11;SonYangZhuYuan;x;
827;204;187;58;SonYangDaDongBa;x;
828;191;53;241;SonYangAnMin;x;
829;88;115;108;SonYangFengPing;x;
830;252;217;19;SonYangBanQiao;x;
831;43;122;224;ZhuChangMiaoGao;x;
832;77;243;179;ZhuChangYunFeng;x;
833;163;218;64;ZhuChangLianZhu;x;
834;8;213;240;ZhuChangBeiJie;x;
835;104;243;115;ZhuChangXinLu;x;
836;92;111;194;ZhuChangYingCun;x;
837;111;81;110;ZhuChangGaoPing;x;
838;80;78;192;ZhuChangJinZhu;x;
839;153;24;148;ZhuChangZhuChang_HuShan;x;
840;78;217;135;ZhuChangHuangShaYao;x;
841;117;29;53;ZhuChangXiFan;x;
842;102;103;59;ZhuChangZheDaiKou;x;
843;107;106;198;ZhuChangLongYang;x;
844;4;151;142;ZhuChangYuCunKou;x;
845;116;161;177;ZhuChangAnKou;x;
846;71;200;31;ZhuChangShiLian;x;
847;209;252;151;ZhuChangDaZhe;x;
848;216;153;219;ZhuChangSanRen;x;
849;141;17;207;ZhuChangCaiYuan;x;
850;113;230;160;ZhuChangJiaoTan;x;
851;118;79;181;LongQuanLongYuan;x;
852;55;136;117;LongQuanJianChi;x;
853;82;202;249;LongQuanXiJie;x;
854;230;29;196;LongQuanYanZhang;x;
855;102;228;255;LongQuanJinXi;x;
856;7;211;1;LongQuanZhuLong;x;
857;34;61;57;LongQuanZhuYang;x;
858;221;183;58;LongQuanBaoXi;x;
859;108;16;252;LongQuanShangYang;x;
860;67;225;0;LongQuanBaDou;x;
861;138;161;49;LongQuanChaTian;x;
862;199;104;231;LongQuanPingNan;x;
863;187;103;34;LongQuanXiaoMei;x;
864;92;151;49;LongQuanLanJu;x;
865;220;206;22;LongQuanLongQuan_TaShi;x;
866;237;95;103;LongQuanLongNan;x;
867;211;11;218;LongQuanDaoTai;x;
868;70;169;105;LongQuanChengBei;x;
869;120;99;222;YunHeYunHe_YunHe;x;
870;90;93;134;YunHeJinShuiTan;x;
871;102;230;92;YunHeDaYuan;x;
872;205;96;114;YunHeChiShi;x;
873;171;148;80;YunHeHuangYuan;x;
874;46;123;21;YunHeChongTou;x;
875;33;59;88;YunHeDaWan;x;
876;127;162;66;YunHeShaPu;x;
877;54;6;86;YunHeYunHe_YunFeng;x;
878;90;53;235;YunHeWuXi;x;
879;183;135;87;YunHeAnXi;x;
880;94;194;100;YunHeYunTan;x;
881;243;47;48;YunHeShiTang;x;
882;35;111;26;YunHeZhuCun;x;
883;40;159;164;JingNingHeXi;x;
884;15;10;29;JingNingWaiShe;x;
885;62;121;80;JingNingBoHai;x;
886;248;81;97;JingNingDaShun;x;
887;54;42;199;JingNingZhengKeng;x;
888;131;192;61;JingNingMeiQi;x;
889;226;50;224;JingNingDongKeng;x;
890;216;30;47;JingNingJingNan;x;
891;179;178;211;JingNingYanXi;x;
892;110;5;210;JingNingJiaDi;x;
893;0;57;121;JingNingDaDi;x;
894;145;185;46;JingNingJingNing_MaoYang;x;
895;72;194;105;JingNingQiuLu;x;
896;107;230;63;JingNingBiaoXi;x;
897;107;42;158;JingNingYingChuan;x;
898;224;196;173;JingNingJingNing_GeShan;x;
899;208;107;195;JingNingLuCi;x;
900;147;147;167;JingNingJingNing_WuTong;x;
901;9;227;211;JingNingDaJun;x;
902;171;16;39;JingNingChengZhao;x;
903;223;53;80;JingNingDaJi;x;
904;87;195;80;LianDuFengYuan;x;
905;109;148;57;QingYuanSongYuan;x;
906;69;124;95;QingYuanSiShan;x;
907;165;179;38;QingYuanZhuKou;x;
908;199;7;77;QingYuanHuangTian;x;
909;241;220;171;QingYuanPingDou;x;
910;102;159;42;QingYuanYuShang;x;
911;226;82;127;QingYuanLongGong;x;
912;110;26;118;QingYuanAnNan;x;
913;62;77;152;QingYuanWuDaBao;x;
914;219;129;199;QingYuanLingTou;x;
915;172;127;180;QingYuanLongXi;x;
916;254;176;220;QingYuanHeDi;x;
917;11;130;49;QingYuanJuShui;x;
918;138;207;3;QingYuanZuoXi;x;
919;171;131;153;QingYuanJiangGen;x;
920;27;93;159;QingYuanQingYuan_GuanTang;x;
921;209;174;138;QingYuanQingYuan_ZhangCun;x;
922;13;186;128;QingYuanHeHu;x;
923;110;137;149;QingYuanBaiShanZu;x;
924;166;79;69;QingYuanXianLiang;x;
925;148;166;239;LuChengLuCheng;x;
926;241;209;52;LuChengQiDou;x;
927;33;168;217;LuChengShuangYu;x;
928;247;109;55;LuChengYangYi;x;
929;154;218;40;LuChengTengQiao;x;
930;193;159;130;LuChengShangShu;x;
931;54;66;158;LuChengShuangChao;x;
932;88;160;154;LuChengAoDi;x;
933;2;217;86;LongWanYongZhong;x;
934;134;95;195;LongWanZhuangYuan;x;
935;123;249;41;LongWanHaiBin;x;
936;107;112;214;LongWanYongXing;x;
937;101;145;147;LongWanShaCheng;x;
938;195;62;38;LongWanHaiCheng;x;
939;170;168;165;OuHaiLouQiao;x;
940;54;186;201;OuHaiGuoXi;x;
941;116;20;84;OuHaiBeiLinYang;x;
942;38;157;71;OuHaiQuXi;x;
943;15;48;216;OuHaiPanQiao;x;
944;134;8;203;OuHaiWuTian;x;
945;55;180;22;OuHaiChaShan;x;
946;79;181;19;OuHaiXianYan;x;
947;71;237;198;DongTouBeiAo;x;
948;110;206;62;DongTouLingKun;x;
949;26;208;134;DongTouDaMen;x;
950;78;245;64;DongTouLuXi;x;
951;105;63;131;DongTouNiYu;x;
952;1;255;41;DongTouYuanJue;x;
953;12;86;26;DongTouDongPing;x;
954;129;128;243;YongJiaBeiCheng;x;
955;248;192;196;YongJiaYongJia_LuoDong;x;
956;115;64;237;YongJiaOuBei;x;
957;116;39;101;YongJiaYongJia_HuangTian;x;
958;146;50;179;YongJiaWuNiu;x;
959;74;206;180;YongJiaYongJia_DouMen;x;
960;143;87;223;YongJiaHuaDan;x;
961;132;16;123;YongJiaFengLin;x;
962;239;115;142;YongJiaYongJia_LingTou;x;
963;33;33;73;YongJiaXiaLiao;x;
964;165;248;60;YongJiaDaRuoYan;x;
965;201;159;187;YongJiaBiaoShan;x;
966;18;56;80;YongJiaXiXia;x;
967;229;91;37;YongJiaDaAo;x;
968;214;13;215;YongJiaXiAo;x;
969;65;2;81;YongJiaXuAo;x;
970;156;248;159;YongJiaYongJia_QiaoTou;x;
971;54;206;202;YongJiaHuangNan;x;
972;55;107;112;YongJiaYanTan;x;
973;74;84;112;YongJiaYongJia_XiKou;x;
974;44;48;126;YongJiaYongJia_ZhangXi;x;
975;237;154;189;YongJiaXiWang;x;
976;81;255;210;YongJiaHeSheng;x;
977;192;28;205;YongJiaPanKeng;x;
978;55;18;45;LeQingLeQing_ChengBei;x;
979;95;172;251;LeQingLeQing_BaiShi;x;
980;119;179;203;LeQingBeiBaiXiang;x;
981;71;5;39;LeQingHuangHua;x;
982;224;184;25;LeQingWengYang;x;
983;2;137;176;LeQingYanPen;x;
984;169;16;141;LeQingLeCheng;x;
985;163;182;104;LeQingShenHai;x;
986;194;187;182;LeQingShiFan;x;
987;25;64;189;LeQingTianCheng;x;
988;61;18;241;LeQingNanYue;x;
989;171;43;60;LeQingNanTang;x;
990;173;152;109;LeQingQingBei;x;
991;42;8;177;LeQingYanDang;x;
992;0;12;215;LeQingZhiRen;x;
993;174;164;88;LeQingFuXi;x;
994;134;143;175;LeQingLingDi;x;
995;74;180;139;LeQingLeQing_DanXi;x;
996;61;60;76;LeQingHuWu;x;
997;129;81;136;LeQingShuiZhang;x;
998;24;190;54;LeQingZhenAn;x;
999;157;136;102;LeQingLeQing_ShuangFeng;x;
1000;112;30;131;LeQingLeQing_LongXi;x;
1001;26;47;69;LeQingLeQing_FuRong;x;
1002;21;71;124;RuiAnDongShan;x;
1003;51;118;118;RuiAnShenCheng;x;
1004;135;31;136;RuiAnChangQiao;x;
1005;142;23;55;RuiAnPanDai;x;
1006;57;176;127;RuiAnTaoShan;x;
1007;103;58;136;RuiAnLinYang;x;
1008;72;185;232;RuiAnYunZhou;x;
1009;164;13;246;RuiAnXianJiang;x;
1010;155;222;188;RuiAnMaYu;x;
1011;24;172;49;RuiAnChaoJi;x;
1012;173;134;147;RuiAnRuiAn_YaoZhuang;x;
1013;37;173;87;RuiAnRuiAn_LingYa;x;
1014;24;151;70;RuiAnRuiAn_JinPing;x;
1015;101;110;99;RuiAnYongAn;x;
1016;143;2;215;RuiAnGuiFeng;x;
1017;209;192;215;RuiAnFengLing;x;
1018;128;6;183;RuiAnNingYi;x;
1019;212;151;249;RuiAnDongYan;x;
1020;216;95;254;RuiAnGaoLou;x;
1021;84;128;45;RuiAnShunTai;x;
1022;245;1;6;RuiAnDaNan;x;
1023;198;141;171;RuiAnMeiYu;x;
1024;44;98;75;RuiAnTongPu;x;
1025;180;229;157;RuiAnTongXi;x;